recombined_construct,cell_label,sequence_confirmed
none,None,yes
None,None,yes
G758A,ACE2(dEcto),yes
G698C,ACE2,yes
G719B,ACE2-mCherry,yes
G734A,ACE2-K31D,yes
G735A,ACE2-K353D,yes
G755A,ACE2(low),yes
G756A,ACE2(low)-K31D,yes
G757A,ACE2(low)-K353D,yes
G627B,ACE2(IRES-mCherry),yes
G714C,ACE2-T2A-mCherry,yes
G820E,ACE2(low)-R357A,yes
G821A,ACE2(low)-Y41A,yes
G822A,ACE2(low)-D38H,yes
G823B,ACE2(low)-R357T,yes
G826A,ACE2(low)-K26R,yes
G827A,ACE2(low)-T27A,yes
G824D,ACE2(low)-E23K,yes
G825F,ACE2(low)-Q42R,yes
G842A,ACE2(low)-I21V,yes
G843A,ACE2(low)-K26E,yes
G844A,ACE2(low)-I21N,yes
G845A,ACE2(low)-E329K,yes
G846A,ACE2(low)-G352V,yes
G847B,ACE2(low)-Y83F,yes
G848A,ACE2(low)-M82I,yes
G849A,ACE2(low)-E35K,yes
G875A,ACE2(low)-E37K,yes
G876C,ACE2(low)-D355N,yes
G877A,ACE2(low)-G326E,yes