variant,contact,type
I21T,contact,gnomad
I21V,contact,gnomad
E23K,contact,gnomad
K26E,contact,gnomad
K26R,contact,gnomad
T27A,contact,gnomad
E35K,contact,gnomad
E37K,contact,gnomad
M82I,contact,gnomad
G326E,contact,gnomad
E329G,contact,gnomad
G352V,contact,gnomad
D355N,contact,gnomad
Q24R,contact,designed
D30H,contact,designed
K31E,contact,designed
H34D,contact,designed
D38H,contact,designed
Y41F,contact,designed
Q42R,contact,designed
Y83F,contact,designed
K353,contact,designed
G354D,contact,designed
R357T,contact,designed